Method,Surface Family,Seed,Best Possible Score,Best Computed Score,Selected Amplitude (mA),Selected Frequency (Hz),Selected Pulse Width (us),Selected Score (Noise-Free),Simple Regret,Normalized Regret (%),Sec To Compute,Profile Index,Profile ID,Iteration Budget
Bayesian Optimization,3optima,10000,94.60257310855727,91.75203279957417,4.283032424029695,10.615728108055395,548.4461050223057,92.85007111152986,1.7525019970274087,1.852488721439318,23.403871608999907,1,3optima::10000,40
TPE Optimization,3optima,10000,94.60257310855727,50.00239333007227,4.277729521220943,17.63884475690601,440.7481349446811,51.603783935465316,42.99878917309195,45.45202922097105,0.14559622500019032,1,3optima::10000,40
SMAC Optimization,3optima,10000,94.60257310855727,51.492497869097086,3.8639916424649,27.1192454189672,73.2515260500845,49.46211423029942,45.140458878257846,47.71588910849051,7.470337656999618,1,3optima::10000,40
Random Search,3optima,10000,94.60257310855727,4.171363701623423,3.941130190029905,3.4624659079831863,458.10943188783455,0.031313619306393696,94.57125948925088,99.96689982282992,0.009999984999922162,1,3optima::10000,40
Bayesian Optimization,3optima,10001,93.73236939061638,35.673353213124344,4.299766956909328,30.68764334865712,139.52446017637612,35.572159872863644,58.16020951775274,62.04922578600174,3.2142193769996084,2,3optima::10001,40
TPE Optimization,3optima,10001,93.73236939061638,70.80392615596662,4.072386014390826,23.179246691559285,92.7849700300527,68.59587897489686,25.13649041571952,26.81729970034872,0.14306956699965667,2,3optima::10001,40
SMAC Optimization,3optima,10001,93.73236939061638,44.92259305986059,4.6335663464767,9.3854177125828,506.9607041220584,44.19954470791223,49.53282468270415,52.84495100756828,7.238834210999812,2,3optima::10001,40
Random Search,3optima,10001,93.73236939061638,49.37583765109854,4.704220381299154,28.30102737716127,111.12399923914305,46.2252576387268,47.50711175188958,50.68378411934773,0.009562258000187285,2,3optima::10001,40
Bayesian Optimization,3optima,10002,99.76199452255884,94.95303404903322,4.170090109382309,12.939598097992526,540.3470220330435,94.8961324745345,4.86586204802434,4.877470695440075,22.734426222000366,3,3optima::10002,40
TPE Optimization,3optima,10002,99.76199452255884,37.20780910637225,4.788972617808897,34.197238161146544,501.49276373257214,38.176202721930686,61.58579180062815,61.73271905334848,0.2753749430003154,3,3optima::10002,40
SMAC Optimization,3optima,10002,99.76199452255884,82.26563097042457,4.4307332712533,13.146401817148,538.6802196968017,82.64472523201155,17.117269290547284,17.158106523899356,6.940685477999978,3,3optima::10002,40
Random Search,3optima,10002,99.76199452255884,37.542779107122755,4.860416975593012,10.478302170424364,485.1909928172195,35.52171606593436,64.24027845662448,64.39353860562406,0.009991121999519237,3,3optima::10002,40
Bayesian Optimization,3optima,10003,99.98251294413397,104.0830175634058,4.24990136398411,28.244953063906376,90.05288656602698,99.64535388731734,0.33715905681663116,0.3372180263212843,27.928906807999738,4,3optima::10003,40
TPE Optimization,3optima,10003,99.98251294413397,97.82805533528735,4.432759930746954,30.661659560609444,256.7006056215532,97.67811514940391,2.3043977947300647,2.3048008365399513,0.17067476400006854,4,3optima::10003,40
SMAC Optimization,3optima,10003,99.98251294413397,0.980668467751598,0.996722448166,35.0140708828994,181.0493501606742,0.0006433188747452869,99.98186962525922,99.99935656860805,7.438210796000021,4,3optima::10003,40
Random Search,3optima,10003,99.98251294413397,41.98336285036273,4.675219506628218,27.566342073885686,51.03840795909235,42.03876910413867,57.9437438399953,57.9538782670644,0.009293093000451336,4,3optima::10003,40
Bayesian Optimization,3optima,10004,73.07669037443816,52.953867733933,4.8249618739068,24.222576476832014,157.34192596859515,53.249701389857,19.826988984581156,27.1317555337954,3.005362521999814,5,3optima::10004,40
TPE Optimization,3optima,10004,73.07669037443816,57.41896624341875,4.259375275847638,24.61443667246686,159.09306091190814,57.33857931993853,15.738111054499626,21.536431075160916,0.1379542519998722,5,3optima::10004,40
SMAC Optimization,3optima,10004,73.07669037443816,58.64467594356677,4.257186023177,13.4505564423165,533.4311920688028,58.21272932459145,14.863961049846708,20.340221996487738,4.656202373999804,5,3optima::10004,40
Random Search,3optima,10004,73.07669037443816,38.673120808518796,3.7793209553241085,14.313031809680263,476.05367590799705,39.236742658985456,33.8399477154527,46.307444332878184,0.009679738000158977,5,3optima::10004,40
Bayesian Optimization,3optima,10005,99.09880801592453,11.595230685765095,4.446588559210403,37.77564827778318,260.5515437300817,10.601101224109948,88.49770679181458,89.30249370667866,5.485719457999949,6,3optima::10005,40
TPE Optimization,3optima,10005,99.09880801592453,69.54898860934524,4.341500821691288,8.598875984978445,597.6033439471432,69.6701668333607,29.428641182563837,29.69626151086989,0.14464844899976015,6,3optima::10005,40
SMAC Optimization,3optima,10005,99.09880801592453,52.0729071887194,4.3080535867928,25.297489555755,112.9767644379411,53.16497336039165,45.933834655532884,46.35155111870933,6.529450572999849,6,3optima::10005,40
Random Search,3optima,10005,99.09880801592453,42.73126318307082,4.577611361615039,13.141655649792252,598.3460243398158,43.5273402703405,55.57146774558403,56.076827621028556,0.009528182999929413,6,3optima::10005,40
Bayesian Optimization,3optima,10006,60.62082426434985,40.4545663113503,4.327011713612708,10.437595718560422,477.87883101599346,42.4305934269164,18.190230837433447,30.006571270148225,27.33854767699995,7,3optima::10006,40
TPE Optimization,3optima,10006,60.62082426434985,34.66933638390022,4.830804828437153,29.526674301776374,107.20476578968916,34.24113246321356,26.37969180113629,43.515890985088056,0.1764752609997231,7,3optima::10006,40
SMAC Optimization,3optima,10006,60.62082426434985,52.209520301469695,4.6482465610351,9.888464829241,572.3655922621899,53.212053550625434,7.408770713724415,12.221494517159504,7.44720196399976,7,3optima::10006,40
Random Search,3optima,10006,60.62082426434985,57.95373903715071,4.357481459337109,26.557712789720377,233.2661960518905,57.52553511646405,3.0952891478858007,5.105983274638665,0.009367278999889095,7,3optima::10006,40
Bayesian Optimization,3optima,10007,71.35192951901274,71.6541926950741,4.510746280858625,24.35943547314479,392.119584096236,71.21669288678171,0.13523663223102744,0.18953465329202024,18.777095804000055,8,3optima::10007,40
TPE Optimization,3optima,10007,71.35192951901274,32.731360629021886,4.50656538690328,30.90232820034386,140.76211864344992,29.334956695709874,42.016972823302865,58.886946865405854,0.18030239300060202,8,3optima::10007,40
SMAC Optimization,3optima,10007,71.35192951901274,52.858596769265795,4.9686456561574,26.1645086611983,148.1280386964436,51.6205438607349,19.731385658277844,27.653611880278774,7.375910800999918,8,3optima::10007,40
Random Search,3optima,10007,71.35192951901274,65.69309273780084,4.329792703256604,13.162721659325543,512.5380273432932,62.296688804488824,9.055240714523919,12.690954225857368,0.009493497000221396,8,3optima::10007,40
Bayesian Optimization,3optima,10008,85.83132483132586,28.25526787015323,4.197662246219337,25.574134380052644,292.8350277221509,26.92130377017597,58.91002106114989,68.63464029818807,3.589256573000057,9,3optima::10008,40
TPE Optimization,3optima,10008,85.83132483132586,45.57642579511559,4.65904882303789,10.023849929032881,588.716119381764,48.520631513154775,37.31069331817108,43.46978610838569,0.14317663100064237,9,3optima::10008,40
SMAC Optimization,3optima,10008,85.83132483132586,72.92149188645449,4.1201641791662,25.3541343143137,106.0973084152164,70.81908176663177,15.01224306469409,17.490401195828998,7.50871393899979,9,3optima::10008,40
Random Search,3optima,10008,85.83132483132586,81.38546642587274,4.370283831692914,46.65831076042732,342.8717334083242,76.98944998930251,8.841874842023344,10.301454462457889,0.009418710000318242,9,3optima::10008,40
Bayesian Optimization,3optima,10009,99.78634786878936,13.691452602219734,3.9493143110814377,25.05748965184304,340.2141574577772,13.345300922023775,86.4410469467656,86.62612551010314,3.0797978970003896,10,3optima::10009,40
TPE Optimization,3optima,10009,99.78634786878936,86.17924760420122,4.1420077703320155,28.27813286880286,184.85177791975676,86.80325697084855,12.983090897940812,13.010888939449394,0.14109966200066992,10,3optima::10009,40
SMAC Optimization,3optima,10009,99.78634786878936,76.34065666751678,4.3675163732699,14.0537145317654,520.028093084693,77.04910719638849,22.737240672400873,22.785923283111263,7.211370141999396,10,3optima::10009,40
Random Search,3optima,10009,99.78634786878936,7.966452470173336,3.7467127566783756,31.714723797351013,132.98857685915675,7.238924464649829,92.54742340413954,92.74557630451773,0.020290235000175016,10,3optima::10009,40
Bayesian Optimization,3optima,10010,76.12740724039342,5.1482084710054,4.815315570032674,12.608937686141443,408.6200181546886,0.708131164508904,75.41927607588453,99.06980785215399,4.763102345999869,11,3optima::10010,40
TPE Optimization,3optima,10010,76.12740724039342,52.99931709601747,4.979497806672599,48.160183859292545,250.50858478824824,50.07514936927834,26.05225787111508,34.221916672989856,0.14404310699956113,11,3optima::10010,40
SMAC Optimization,3optima,10010,76.12740724039342,4.579715303829507,4.9368563867174,18.9212883068249,533.9180604554713,2.7114656862072417,73.41594155418618,96.43825294398239,9.66757216499991,11,3optima::10010,40
Random Search,3optima,10010,76.12740724039342,51.635689328004425,4.976397769902792,47.677289211022575,249.233451083292,49.754039052448455,26.37336818794497,34.64372312676266,0.020244163999450393,11,3optima::10010,40
Bayesian Optimization,3optima,10011,95.17331550608722,90.46707767375808,4.150857159145821,26.82539434857064,81.81161613802422,86.82361219655252,8.349703309534704,8.773155863211114,26.65579514699948,12,3optima::10011,40
TPE Optimization,3optima,10011,95.17331550608722,62.6333722857345,4.606444798824629,25.450478915718545,101.09924068292531,64.21035447714283,30.96296102894439,32.533237771845855,0.2290587620000224,12,3optima::10011,40
SMAC Optimization,3optima,10011,95.17331550608722,2.119064819165175,0.5190045039299,41.9090708135586,165.802280124621,2.183130679924949e-05,95.17329367478042,99.9999770615254,9.4336461339999,12,3optima::10011,40
Random Search,3optima,10011,95.17331550608722,53.23383243593904,3.935928617757109,32.48347368944948,417.317108068504,53.5038298374016,41.669485668685624,43.7827404111192,0.009514688000308524,12,3optima::10011,40
Bayesian Optimization,3optima,10012,98.97455467735419,96.83598587926615,4.061036846466084,28.440597262949794,79.26525295872374,97.04058381331527,1.9339708640389262,1.9540081492091088,24.27976727300029,13,3optima::10012,40
TPE Optimization,3optima,10012,98.97455467735419,60.3228982344119,3.944925193062057,31.139798743077314,119.95906277856693,58.260131605579176,40.714423071775016,41.13625285256338,0.1597509329994864,13,3optima::10012,40
SMAC Optimization,3optima,10012,98.97455467735419,99.58213580153664,4.1649832096097,26.4301858586689,87.9212269860082,97.33982070002749,1.6347339773267038,1.6516709599308135,7.188528343000144,13,3optima::10012,40
Random Search,3optima,10012,98.97455467735419,42.7993642044885,3.936778866861312,25.94979166053869,223.72602136109293,41.39513900599579,57.579415671358404,58.175978522015846,0.019500276999679045,13,3optima::10012,40
Bayesian Optimization,3optima,10013,91.02276601018154,82.53222547413446,4.256450732956668,26.01017723623272,202.53533442752146,79.71770709491942,11.305058915262123,12.420034471373427,19.047447136999835,14,3optima::10013,40
TPE Optimization,3optima,10013,91.02276601018154,81.5870654562766,4.3649165456878585,12.07367318202761,509.2240305468621,81.72676610881089,9.29599990137065,10.212829502820016,0.16118555100001686,14,3optima::10013,40
SMAC Optimization,3optima,10013,91.02276601018154,90.06603545673177,4.3071483089589,21.1646206732839,347.722785687074,88.76008805647913,2.2626779537024078,2.4858373930861553,6.99765817000025,14,3optima::10013,40
Random Search,3optima,10013,91.02276601018154,50.96533843878388,3.819374949522783,21.38532976643797,392.38296691279464,51.37568561093322,39.647080399248324,43.55732322484412,0.010458480999659514,14,3optima::10013,40
Bayesian Optimization,3optima,10014,92.04409881256828,75.40997999427083,4.360721395577038,26.531687808098873,228.51112245686156,72.34738755786651,19.696711254701768,21.399211365859184,22.720642509000754,15,3optima::10014,40
TPE Optimization,3optima,10014,92.04409881256828,75.27147382092997,4.345319590935981,21.091356378503576,507.81524140023714,73.35441353218413,18.689685280384154,20.3051423410016,0.14675720299965178,15,3optima::10014,40
SMAC Optimization,3optima,10014,92.04409881256828,68.2737544534207,4.4687698348667,25.983229786675,93.5879458734068,69.08264729042139,22.961451522146888,24.946141923670602,7.284202904999802,15,3optima::10014,40
Random Search,3optima,10014,92.04409881256828,63.91656201085676,4.354481737863537,16.48661362058583,483.33207778124046,66.36030950589499,25.68378930667329,27.903787030360128,0.009719931999825349,15,3optima::10014,40
Bayesian Optimization,3optima,10015,99.44195650168454,76.46159888520944,4.567157949585047,25.934048276960986,218.67168325605013,74.78217791310016,24.659778588584388,24.798163125608507,13.20609324599991,16,3optima::10015,40
TPE Optimization,3optima,10015,99.44195650168454,76.45495456016447,4.703007642850596,7.467137320195208,348.8776324450322,76.41571285631093,23.02624364537361,23.155461191055256,0.16020127100000536,16,3optima::10015,40
SMAC Optimization,3optima,10015,99.44195650168454,1.311934032494951,1.3989130943082,8.3474554214627,231.1442519538104,0.005493109026979779,99.43646339265756,99.99447606501298,9.751596330000211,16,3optima::10015,40
Random Search,3optima,10015,99.44195650168454,13.011035534485512,4.038676014892438,15.075070582506049,571.0382932159494,11.33161456237622,88.11034193930833,88.60479523833156,0.009498053999777767,16,3optima::10015,40
Bayesian Optimization,3optima,10016,98.22639563246196,24.998003883251876,4.149044326239715,24.437665019541534,421.0300501663717,23.837668588117186,74.38872704434478,75.73191153494867,8.517318600999715,17,3optima::10016,40
TPE Optimization,3optima,10016,98.22639563246196,72.80228933242023,4.3812794164761435,20.425945624106216,474.21902775041224,73.42367709442698,24.80271853803498,25.25056363753833,0.12617107099958957,17,3optima::10016,40
SMAC Optimization,3optima,10016,98.22639563246196,82.57928933714966,4.3455529584041,8.369493140724,546.3128884525495,85.94934152708109,12.27705410538087,12.49873216494522,7.167648100000406,17,3optima::10016,40
Random Search,3optima,10016,98.22639563246196,26.27423697932806,4.4915276246334095,21.359999858291914,553.7837615201636,25.110639180038167,73.1157564524238,74.43595581579136,0.009569161999934295,17,3optima::10016,40
Bayesian Optimization,3optima,10017,96.90912448187913,63.62434333285382,4.434542915664691,11.11412915732901,475.4806967917933,68.32815496770823,28.580969514170903,29.49254744274901,5.878292402000625,18,3optima::10017,40
TPE Optimization,3optima,10017,96.90912448187913,55.83587632068768,4.638306913687384,9.806961598657328,506.6076904090634,55.91904273508095,40.99008174679818,42.29744305910311,0.1623779170004127,18,3optima::10017,40
SMAC Optimization,3optima,10017,96.90912448187913,53.44048182160311,4.6541092655135,9.7457220014525,541.811846816363,52.881027205041455,44.02809727683768,45.43235480893279,7.492451326999799,18,3optima::10017,40
Random Search,3optima,10017,96.90912448187913,32.79211935419464,4.480089429963776,15.904882959168077,484.2366344118094,31.108793244637106,65.80033123724203,67.89900495855365,0.01032971900076518,18,3optima::10017,40
Bayesian Optimization,3optima,10018,92.08554333231527,24.948788608151172,4.12417058514122,15.1206455533569,576.1861407419344,26.093528120137698,65.99201521217756,71.66381695118827,5.178547704000266,19,3optima::10018,40
TPE Optimization,3optima,10018,92.08554333231527,48.5718645698862,4.924698844815043,49.18140691770202,482.71263809966734,47.74498581740875,44.34055751490652,48.15148601001547,0.1682431240005826,19,3optima::10018,40
SMAC Optimization,3optima,10018,92.08554333231527,2.5323926265340653,1.8461357209235,38.5408467830947,166.2941451401495,0.0002744896022848338,92.08526884271298,99.99970191889807,5.555945074000192,19,3optima::10018,40
Random Search,3optima,10018,92.08554333231527,44.233042447870844,4.259150528427455,48.61161778193949,518.9398941201578,43.114508854372815,48.97103447794245,53.17993759478337,0.009539726999719278,19,3optima::10018,40
Bayesian Optimization,3optima,10019,94.62128741146626,92.47108445064137,4.380759031809357,39.26969468906893,247.11080263310706,93.60803363292534,1.0132537785409141,1.070851820198472,35.92446110699984,20,3optima::10019,40
TPE Optimization,3optima,10019,94.62128741146626,27.779918085421084,4.696560776265,16.64401361582746,507.1618792294982,28.991614093712037,65.62967331775423,69.3603681720792,0.2736550099998567,20,3optima::10019,40
SMAC Optimization,3optima,10019,94.62128741146626,1.9196766178890001,3.7945901720428,23.4099999762148,382.2883122318038,0.8753390643511929,93.74594834711506,99.0749026056423,7.7835904080002365,20,3optima::10019,40
Random Search,3optima,10019,94.62128741146626,52.90981454740609,4.560847878820762,44.29429817310349,235.41381346360785,52.966388988842084,41.65489842262417,44.02275593808546,0.010770873000183201,20,3optima::10019,40
Bayesian Optimization,3optima,10020,94.27178002193813,5.4842550669470365,2.816818107610406,28.901335235382547,50.12901192663694,0.02826886638588676,94.24351115555224,99.97001343734115,6.5188526490001095,21,3optima::10020,40
TPE Optimization,3optima,10020,94.27178002193813,62.443220240599835,4.115990433643742,10.362472310341861,395.699861275466,60.91900608635667,33.35277393558146,35.379382809807865,0.22244600400063064,21,3optima::10020,40
SMAC Optimization,3optima,10020,94.27178002193813,31.038044577124225,4.0208229762245,6.9618916916397,355.6400792152574,32.6433111890227,61.62846883291543,65.37318889976808,6.916590701999667,21,3optima::10020,40
Random Search,3optima,10020,94.27178002193813,86.98758088592493,4.333265074930341,27.703545751497895,87.5767699876869,83.51478110211848,10.756998919819651,11.410624597643508,0.009346091999759665,21,3optima::10020,40
Bayesian Optimization,3optima,10021,99.13712776625714,45.03984926209256,4.133974164252707,39.39365075778023,508.25497793897,44.178393655785754,54.95873411047138,55.437085326954005,3.823582424999586,22,3optima::10021,40
TPE Optimization,3optima,10021,99.13712776625714,31.429757369550746,3.946621463597104,13.2362193544676,537.1763207384338,35.34099863201575,63.79612913424139,64.351399492487,0.2600361079985305,22,3optima::10021,40
SMAC Optimization,3optima,10021,99.13712776625714,96.76926352508572,4.3743532551084,28.3797034656637,112.0757543591776,95.3666863211007,3.770441445156436,3.803258708529747,7.2568753200012,22,3optima::10021,40
Random Search,3optima,10021,99.13712776625714,67.36065187512003,4.6628293390659445,8.343672437595623,486.2000545114273,69.73433079733763,29.402796968919503,29.65871377496898,0.020700945000498905,22,3optima::10021,40
Bayesian Optimization,3optima,10022,93.43476914430988,34.72629014634032,4.473653486218225,17.97573709562637,538.2766154599143,29.2848832699663,64.14988587434358,68.65740287244051,11.707993832000284,23,3optima::10022,40
TPE Optimization,3optima,10022,93.43476914430988,78.8890104702855,4.311605005600718,26.074142164673738,89.18602104815258,78.74417874194609,14.690590402363796,15.722830523265058,0.15435259500009124,23,3optima::10022,40
SMAC Optimization,3optima,10022,93.43476914430988,58.99756032751673,4.5196638869763,25.71910589298,205.8194926473267,59.72721692186169,33.70755222244819,36.07602665597313,6.409851031001381,23,3optima::10022,40
Random Search,3optima,10022,93.43476914430988,37.73608240837103,4.303235046726552,24.6829091702247,188.58660194198436,36.10066066010372,57.33410848420616,61.36271219941016,0.009655726000346476,23,3optima::10022,40
Bayesian Optimization,3optima,10023,99.08245438167451,93.61239387683521,4.609803192597788,12.54266554715228,508.57799737073367,95.55919079841141,3.523263583263102,3.555890500745141,7.428962640999089,24,3optima::10023,40
TPE Optimization,3optima,10023,99.08245438167451,15.9097127663712,4.997980657165391,17.837314531246257,533.8140650826723,16.281446117626565,82.80100826404794,83.5677807748797,0.1612889930001984,24,3optima::10023,40
SMAC Optimization,3optima,10023,99.08245438167451,1.865192518621872,4.832562528085,38.4102557841688,306.769502023235,1.128794356306275,97.95366002536824,98.8607525284365,7.135501380000278,24,3optima::10023,40
Random Search,3optima,10023,99.08245438167451,93.90107346390948,4.455660156029937,38.73737863305519,454.86948641715895,91.02685679085047,8.055597590824036,8.130195846575571,0.02229096299925004,24,3optima::10023,40
Bayesian Optimization,3optima,10024,63.19540201534183,59.2589411932342,4.77603537673595,26.321557814090887,129.666963574309,54.50530104207682,8.690100973265004,13.751160204907508,27.081234459999905,25,3optima::10024,40
TPE Optimization,3optima,10024,63.19540201534183,58.642534428128194,4.469569901927773,45.537683630270905,490.77233596043504,60.1164375144446,3.0789645008972286,4.872133735536257,0.16114259099958872,25,3optima::10024,40
SMAC Optimization,3optima,10024,63.19540201534183,40.1882804616185,4.5750224318351,41.6160424220642,475.1195850682379,37.9485003041949,25.246901711146926,39.950535807997205,7.441093150000597,25,3optima::10024,40
Random Search,3optima,10024,63.19540201534183,8.173986137601853,4.509050454542719,26.2590797107367,411.2991717515453,3.4203459864444734,59.77505602889735,94.58766638494662,0.009394345999680809,25,3optima::10024,40
Bayesian Optimization,3optima,10025,98.68430750862956,35.64687966659639,4.223106479017827,9.092660951200937,494.8303962328696,35.09772794655245,63.586579562077105,64.4343372997948,5.083901590998721,26,3optima::10025,40
TPE Optimization,3optima,10025,98.68430750862956,97.15899670983501,4.4852084393798,25.752139958790668,135.88581517149643,97.11104807755893,1.5732594310706247,1.5942346567442338,0.14136596199932683,26,3optima::10025,40
SMAC Optimization,3optima,10025,98.68430750862956,2.721491189202825,1.1428449520556,20.8620078371771,68.7746300973925,2.280432634639755e-05,98.68428470430321,99.99997689163868,7.484241854999709,26,3optima::10025,40
Random Search,3optima,10025,98.68430750862956,30.82276003281679,4.6714420355782345,18.56607131968537,506.3276714797971,24.352577204623298,74.33173030400626,75.32274601765457,0.009399415999723715,26,3optima::10025,40
Bayesian Optimization,3optima,10026,81.8811141833757,75.06890653296459,4.170780524546104,13.675530358817227,554.5841701960302,71.7053133631394,10.175800820236304,12.427530965745328,28.56410906599922,27,3optima::10026,40
TPE Optimization,3optima,10026,81.8811141833757,4.737786634934579,3.032760675978604,10.10719775179836,273.9022387595894,0.0007179701608324911,81.88039621321487,99.99912315536007,0.17906819800009544,27,3optima::10026,40
SMAC Optimization,3optima,10026,81.8811141833757,74.58382530996802,4.3101244298025,38.9522952279377,165.0396310196881,73.1297691244606,8.751345058915106,10.687867582402646,7.329249077998611,27,3optima::10026,40
Random Search,3optima,10026,81.8811141833757,22.70429453054276,4.0880567604411295,11.22388306912389,419.6374761281132,22.04838547769774,59.832728705677965,73.07268507812488,0.01121916200099804,27,3optima::10026,40
Bayesian Optimization,3optima,10027,96.04765558558816,27.52791643932298,4.664825769657711,25.72500692426337,273.17903786540097,25.135503041447343,70.91215254414081,73.83017535597308,8.305045088998668,28,3optima::10027,40
TPE Optimization,3optima,10027,96.04765558558816,74.11383383086286,4.520750590393167,10.526157656882667,463.89529271339336,71.8927181783196,24.154937407268562,25.148908903605744,0.1600345919996471,28,3optima::10027,40
SMAC Optimization,3optima,10027,96.04765558558816,13.183276982196096,3.6133288098499,34.0482396036386,347.488166578114,10.439697111002614,85.60795847458554,89.13071115858753,7.667430560999492,28,3optima::10027,40
Random Search,3optima,10027,96.04765558558816,66.00250735982046,4.466389801086064,8.142512314615297,478.6468456882509,66.51594115669306,29.5317144288951,30.746939369675047,0.009382651000123587,28,3optima::10027,40
Bayesian Optimization,3optima,10028,85.27939955654435,84.64631025472832,4.374688099991175,8.474428003358918,506.1851106541507,83.35348007637126,1.9259194801730928,2.2583642593497806,27.33192177700039,29,3optima::10028,40
TPE Optimization,3optima,10028,85.27939955654435,52.6619012162531,4.642801657245289,11.627636354806539,596.7322089610225,55.323962775039035,29.955436781505313,35.12622853499738,0.1433948670000973,29,3optima::10028,40
SMAC Optimization,3optima,10028,85.27939955654435,20.786255776218535,4.9904134251097,13.3725280784172,551.9757053730118,22.393401207783207,62.88599834876114,73.74113640078423,4.4096244650008884,29,3optima::10028,40
Random Search,3optima,10028,85.27939955654435,62.07467244451128,4.679560263943273,7.312845726315121,425.5282709086015,59.1333717010209,26.14602785552345,30.65925415925024,0.009466997998970328,29,3optima::10028,40
Bayesian Optimization,3optima,10029,96.98132876688288,20.580388267030646,4.206539736409136,43.567990695858896,251.6403079842779,19.745535589535056,77.23579317734783,79.6398586814602,5.600322964999577,30,3optima::10029,40
TPE Optimization,3optima,10029,96.98132876688288,34.92914923498013,4.069937620111229,49.229226561869794,361.4880380019208,33.33204261407532,63.64928615280756,65.6304537812669,0.14415879100124585,30,3optima::10029,40
SMAC Optimization,3optima,10029,96.98132876688288,4.649313409191343,4.8783754852067,22.9239551395192,308.0273721755864,6.150803893397644,90.83052487348525,93.65774425695639,6.849634944999707,30,3optima::10029,40
Random Search,3optima,10029,96.98132876688288,88.71425111272929,4.506623651054941,8.198922099559711,548.876172945959,87.8793984352337,9.101930331649186,9.385239867694313,0.009443303999432828,30,3optima::10029,40
Bayesian Optimization,3optima,10030,91.83547131832282,69.77637567568519,4.547135969035517,11.403557522418502,484.524222358431,69.62763212152001,22.20783919680281,24.182202016283384,26.958984750001036,31,3optima::10030,40
TPE Optimization,3optima,10030,91.83547131832282,42.917994946108344,4.399155089800931,25.61238971176788,339.3233420637538,43.23503913292121,48.60043218540161,52.921198625900615,0.14760982299958414,31,3optima::10030,40
SMAC Optimization,3optima,10030,91.83547131832282,67.07499006125931,4.2407145395148,29.9352651136063,195.7899891365862,68.60300085693135,23.232470461391472,25.297926964258068,7.549997771000562,31,3optima::10030,40
Random Search,3optima,10030,91.83547131832282,19.80065285888474,4.493363585453597,24.398609950257672,127.47007614920298,16.730124573788576,75.10534674453424,81.78250262820765,0.012926555000376538,31,3optima::10030,40
Bayesian Optimization,3optima,10031,98.13321326818843,2.5868989384891306,1.8459638834219652,12.363294789441044,470.6446138817695,0.004649789642329977,98.1285634785461,99.99526175747489,5.441173097000501,32,3optima::10031,40
TPE Optimization,3optima,10031,98.13321326818843,36.64246985158424,4.643931757533684,31.407890140692416,284.88221493623735,34.43541639679513,63.6977968713933,64.90951916280727,0.14691872200091893,32,3optima::10031,40
SMAC Optimization,3optima,10031,98.13321326818843,45.38997583262701,3.8866104812913,28.8190727466962,267.6044145515214,47.32536833809614,50.80784493009229,51.774361847542316,7.639640000001236,32,3optima::10031,40
Random Search,3optima,10031,98.13321326818843,7.469380606391574,3.6076695188798436,31.534087387530338,150.35099933690097,7.04845749792259,91.08475577026584,92.81745979451438,0.009495569000137039,32,3optima::10031,40
Bayesian Optimization,3optima,10032,99.71951889715768,101.78989392384004,4.109235402308967,25.914692518434794,132.28527784602065,99.41105410962018,0.3084647875375026,0.30933240648265387,29.17733131100067,33,3optima::10032,40
TPE Optimization,3optima,10032,99.71951889715768,15.351973879997788,4.380172226848518,30.581329325488333,271.53591324463036,17.375600081362723,82.34391881579496,82.57552756619047,0.18038385399995605,33,3optima::10032,40
SMAC Optimization,3optima,10032,99.71951889715768,55.80274929706442,4.605287852988,24.550597809221,124.8098371406052,55.20200493986841,44.517513957289275,44.64272837417205,7.070161339001061,33,3optima::10032,40
Random Search,3optima,10032,99.71951889715768,33.10633706765269,4.37186166793221,22.058884337105535,568.7658101787387,30.72749725343283,68.99202164372485,69.18607551133236,0.025399841999387718,33,3optima::10032,40
Bayesian Optimization,3optima,10033,96.03762309015394,93.24577175538569,4.417493795391782,40.564998599614434,305.97686127201814,91.55959459205401,4.478028498099931,4.662785639640671,18.519590949999838,34,3optima::10033,40
TPE Optimization,3optima,10033,96.03762309015394,81.22631846901133,4.295748862658781,42.92599235239441,322.3091410888793,81.74768469041467,14.28993839973927,14.879521108435592,0.1598508530005347,34,3optima::10033,40
SMAC Optimization,3optima,10033,96.03762309015394,47.37342728816326,3.9801046950377,10.6710430143755,584.8749378177843,47.06122053703581,48.976402553118135,50.997099862771734,6.903515334999611,34,3optima::10033,40
Random Search,3optima,10033,96.03762309015394,79.12697597323657,4.314007207542915,40.264965164515374,233.07025401324424,78.46178455488212,17.575838535271828,18.300992850242412,0.019717171000593225,34,3optima::10033,40
Bayesian Optimization,3optima,10034,96.12821397036407,33.910596563647985,3.9426212268874723,24.83324963152098,171.36361383716888,29.872536014490105,66.25567795587396,68.92427854355051,4.320476082000823,35,3optima::10034,40
TPE Optimization,3optima,10034,96.12821397036407,80.99083185186792,4.6103634084628915,27.958399029529748,97.84274243074266,79.64728332151755,16.480930648846524,17.144738228391017,0.1436109119986213,35,3optima::10034,40
SMAC Optimization,3optima,10034,96.12821397036407,81.43226451623957,4.6516064385257,12.3895634915018,529.2641529332782,79.43329114506709,16.694922825296985,17.367349434416788,6.58485765200021,35,3optima::10034,40
Random Search,3optima,10034,96.12821397036407,88.579826660864,4.5636639820611276,12.767601019197791,530.5300808686749,84.52902520425026,11.599188766113812,12.066372906595138,0.010026129999459954,35,3optima::10034,40
Bayesian Optimization,3optima,10035,97.64363144120402,61.737079929206644,4.128763517486574,24.856088499228626,64.67392047236673,58.7436360747251,38.89999536647892,39.83874298028592,21.728834264999023,36,3optima::10035,40
TPE Optimization,3optima,10035,97.64363144120402,8.002103312184573,4.52405732948674,30.15304788334533,357.5316192925934,3.4081027174047063,94.23552872379932,96.50965181538041,0.15898018699954264,36,3optima::10035,40
SMAC Optimization,3optima,10035,97.64363144120402,25.440979713343477,4.7345711536808,11.6221643092889,458.3220672533592,25.842442015426723,71.8011894257773,73.53391958697509,6.5818960039996455,36,3optima::10035,40
Random Search,3optima,10035,97.64363144120402,25.079179021748736,3.739563392806714,26.356273289851046,236.5522958770191,25.19805646744263,72.4455749737614,74.19385566111846,0.009243843000149354,36,3optima::10035,40
Bayesian Optimization,3optima,10036,96.97121527147502,10.539617204968572,4.27469203490416,32.040372693019,487.58739835089887,8.828007155469741,88.14320811600527,90.89626016261076,7.6557897239999875,37,3optima::10036,40
TPE Optimization,3optima,10036,96.97121527147502,35.91624608878261,4.909495995052188,24.29492042010639,199.9426886642645,34.11925164535378,62.85196362612124,64.81507264827455,0.14124477899895282,37,3optima::10036,40
SMAC Optimization,3optima,10036,96.97121527147502,80.76945592396386,4.1757542121181,29.8129311605305,310.2075388933913,80.06449152093846,16.906723750536557,17.434785882806015,6.791879288000928,37,3optima::10036,40
Random Search,3optima,10036,96.97121527147502,32.363763989216224,4.453952719305089,6.793864792933746,524.6889659302508,28.682011947290555,68.28920332418446,70.4221382943443,0.02425427399975888,37,3optima::10036,40
Bayesian Optimization,3optima,10037,89.77693248522823,51.37515503691012,4.210812030101321,39.93971835678085,137.29491702559773,50.64170404830027,39.13522843692796,43.5916302256899,10.021930292999969,38,3optima::10037,40
TPE Optimization,3optima,10037,89.77693248522823,49.92019824752038,3.7617701776233656,28.29430258541015,169.63933463242083,50.19926778320442,39.57766470202381,44.08444753727341,0.142573615999936,38,3optima::10037,40
SMAC Optimization,3optima,10037,89.77693248522823,55.80608135659401,3.9319179013972,28.7349818017678,194.0051922282994,55.84338953462761,33.93354295060062,37.79761906677307,4.829581378000512,38,3optima::10037,40
Random Search,3optima,10037,89.77693248522823,25.793984634852787,4.2869251184288855,46.785072909167816,253.67569934114726,25.85815432514133,63.9187781600869,71.19732919211069,0.023768664999806788,38,3optima::10037,40
Bayesian Optimization,3optima,10038,75.45363051518869,15.880719965201276,4.542636823901205,30.9460197165788,255.74644185197693,15.00158313801925,60.45204737716944,80.11814271150351,3.3666671900009533,39,3optima::10038,40
TPE Optimization,3optima,10038,75.45363051518869,35.49004229585941,4.995161262314368,26.413226558143094,111.60905541219287,37.960956196058454,37.49267431913024,49.68968896941682,0.1460766780000995,39,3optima::10038,40
SMAC Optimization,3optima,10038,75.45363051518869,61.621687456134715,4.1591324149155,48.5043386784818,447.6585169188232,61.7201696145134,13.73346090067529,18.201192980251317,6.529631463999976,39,3optima::10038,40
Random Search,3optima,10038,75.45363051518869,27.991860736787423,3.831639343315554,47.41808205843897,561.2121654221871,28.327688199675706,47.12594231551299,62.45682546186643,0.009491164999417379,39,3optima::10038,40
Bayesian Optimization,3optima,10039,61.57674229491157,63.65361952151905,4.329631965140429,8.935619178479886,505.64103261409184,60.62958637143471,0.9471559234768563,1.538171537137529,26.029118995000317,40,3optima::10039,40
TPE Optimization,3optima,10039,61.57674229491157,34.09396362214539,4.175804364520283,29.06850915251808,135.96639549400214,34.29642112977776,27.280321165133806,44.30296269081473,0.15780333000111568,40,3optima::10039,40
SMAC Optimization,3optima,10039,61.57674229491157,9.975429026093144,3.4161001847749,27.2638077947408,289.5694367703271,9.383420282825854,52.193322012085716,84.76142138555248,7.374402150999231,40,3optima::10039,40
Random Search,3optima,10039,61.57674229491157,44.088658108967586,3.3847352030592015,29.585360875955956,303.1609823690154,45.11571498752998,16.461027307381592,26.732540069340203,0.009576589000062086,40,3optima::10039,40
